<?xml version="1.0" encoding="UTF-8"?><project-private xmlns="http://www.netbeans.org/ns/project-private/1">
    <editor-bookmarks xmlns="http://www.netbeans.org/ns/editor-bookmarks/1"/>
    <open-files xmlns="http://www.netbeans.org/ns/projectui-open-files/1">
        <file>file:/C:/Users/DGLS/Documents/NetBeansProjects/DocumentProduction/src/dp/Apercu.java</file>
        <file>file:/C:/Users/DGLS/Documents/NetBeansProjects/DocumentProduction/src/dp/GrecoGeneratePdf.java</file>
        <file>file:/C:/Users/DGLS/Documents/NetBeansProjects/DocumentProduction/src/dp/GlobalParameters.java</file>
        <file>file:/C:/Users/DGLS/Documents/NetBeansProjects/DocumentProduction/src/dp/GrecoPdfPageEventHelper.java</file>
        <file>file:/C:/Users/DGLS/Documents/NetBeansProjects/DocumentProduction/src/dp/entities/GrecoDocument.java</file>
    </open-files>
</project-private>
